galaxy,N,chi2_over_N
CamB,8,0.22643757968204303
D631-7,14,3.054033593909865
DDO064,13,1.4106667988019104
DDO154,7,2.2404087427953123
DDO161,24,1.5710416489380172
DDO168,9,2.5739936715500615
DDO170,8,3.7687671080288565
ESO079-G014,13,2.567386244062469
ESO116-G012,14,5.509551051829351
ESO444-G084,5,3.893314590773035
ESO563-G021,27,3.3698564948651457
F563-1,17,8.81040870118675
