r_kpc,v_obs,v_err,v_baryon,w_ring,v_model
1.26,21.7,10.0,12.745587471748802,1.0173229516080973,12.855509071551209
2.51,40.3,10.0,20.2820832263355,1.0070787851189462,20.353742888594386
3.78,57.7,7.0,24.17198791990431,1.0027704009998,24.205447811353707
5.03,68.5,7.0,25.94479716629136,1.0009750124754297,25.95744233519777
6.29,73.5,7.0,29.644866334662396,1.000203193035377,29.647877996869916
7.54,78.5,5.0,32.127072695781045,1.0001133739335932,32.128893830468385
8.8,83.1,6.0,32.922553060174415,1.0004705765536417,32.93029843986114
