r_kpc,v_obs,v_err,v_baryon,w_ring,v_model
1.95,32.0,10.0,25.080169457162764,1.002409560832137,25.11036737417178
3.88,57.6,10.0,38.64239769993575,1.0001636185564342,38.64555887729863
5.83,70.9,7.0,39.20726590824716,1.0024581648827142,39.25542529258736
7.78,77.0,6.0,41.48395834536526,1.006761669317874,41.62397246597821
9.72,82.5,6.0,43.500929875118764,1.0127252274890546,43.77683452680273
11.66,84.3,6.0,42.36628966525154,1.0214582408200106,42.81843002835857
13.59,83.9,6.0,39.191024482654186,1.0369476652606777,39.90846606885424
