r_kpc,v_obs,v_err,v_baryon,w_ring,v_model
1.74,123.0,5.5,160.46363077034,1.0014330500564208,160.57856581572773
2.61,145.0,5.5,185.50582201106252,1.0000987715090037,185.51498312983824
3.5,152.0,6.2,201.16262202506704,1.0006758067781882,201.2305840764439
4.37,157.0,6.6,191.07392182084925,1.0021752424464905,191.28162498360368
5.24,161.0,8.8,182.61865895904504,1.0043267249562677,183.01330289545277
6.11,165.0,11.2,171.51649162689867,1.0068768858463852,172.10523085482
7.07,169.0,25.5,162.0689979607451,1.010095323810679,162.8850131551009
