r_kpc,v_obs,v_err,v_baryon,w_ring,v_model
9.19,248.0,7.0,218.11,1.0002730289804618,218.13977314337023
13.79,264.0,6.6,246.72749036132961,1.000602844933388,246.80184836517753
18.35,272.0,5.7,245.20560719526785,1.0026770424775109,245.53360074191167
22.94,271.0,5.7,236.47687117348283,1.0057150504254915,237.15164707405802
27.52,264.0,5.3,213.45875151888245,1.009410768412329,214.46080495432275
32.11,242.0,7.4,193.64141628277767,1.0138482725545956,194.97760576452865
36.7,244.0,5.3,179.44411414142286,1.0192978241195338,181.16728100064137
41.44,241.0,6.2,167.37552748236521,1.0263620707188863,169.5673588922272
46.02,237.0,8.6,157.69426432181987,1.0362763813894484,160.52907283402237
