r_kpc,v_obs,v_err,v_baryon,w_ring,v_model
0.87,23.4,5.55,27.61793801137225,1.0077218516078486,27.72436376501384
1.74,28.0,5.2,38.93331863584198,1.0015740273589626,38.963947642211586
2.61,36.7,4.25,41.45900264116348,1.000108659326735,41.46125503363633
3.5,47.6,4.25,42.74494122115505,1.0005582690208257,42.75687114460109
4.37,63.3,4.75,42.38086832522429,1.0019344883146744,42.421841166697874
5.24,71.2,5.25,42.91369245357477,1.0039606031935766,42.99859052843759
6.11,68.1,6.0,41.83754533908508,1.0063890136073543,41.970982868117865
6.98,74.4,6.0,40.556018049113256,1.0091801489747194,40.741747909732815
