r_kpc,v_obs,v_err,v_baryon,w_ring,v_model
0.87,26.6,4.4,6.92,1.0234790615078335,7.000766224563475
1.74,45.2,2.7,10.96,1.0124709515897348,11.028129064282911
2.61,57.0,3.9,16.738321301731546,1.0071031290430281,16.797663337749267
3.5,69.3,3.0,23.226967085695886,1.0039003035133058,23.272219115138128
4.37,77.3,3.4,26.021775496687386,1.002058007683131,26.048538241231505
5.24,80.7,3.9,30.05009983344481,1.0009849596039846,30.06489525833334
6.11,84.0,3.0,31.749483460365145,1.0003830611801832,31.755563875430422
6.98,85.0,3.0,34.23893835970969,1.000121453151599,34.241017510067365
7.85,85.7,3.4,34.26793836810146,1.00011246039879,34.26986520693702
