r_kpc,v_obs,v_err,v_baryon,w_ring,v_model
0.6,14.6,6.69,10.70028037015853,1.0125950107061843,10.767454589911921
1.19,31.5,6.69,14.55742078803797,1.0047631987710959,14.592049545515275
1.79,44.8,6.69,17.665588017385666,1.0013424366225978,17.67744150673745
2.38,50.6,6.69,21.114755504149226,1.0002388441375882,21.11727692138617
2.99,55.6,6.69,22.602783014487397,1.0001489099896614,22.604465841934775
3.59,61.4,6.69,24.49139032394854,1.0007065579673715,24.500041089634205
4.18,66.0,6.69,26.844360674078274,1.0016742010771211,26.866822705298347
4.78,69.3,6.69,29.088863848558955,1.003027281388759,29.132860664110474
