r_kpc,v_obs,v_err,v_baryon,w_ring,v_model
0.19,3.74,3.17,3.8782728114458376,1.0159889235275519,3.909154563173207
0.38,5.4,3.17,6.440496875241847,1.0070172794727292,6.46305475394792
0.57,7.31,3.17,8.77564812421282,1.0030131821395696,8.788859492728992
0.75,8.85,3.17,11.462399399776645,1.0012400572852245,11.46950421380588
0.94,10.7,3.17,13.049704977508112,1.0002692947201512,13.051461967554028
1.13,12.4,3.17,14.089375429734279,1.000090889833463,14.09001570567917
1.32,14.1,3.17,15.310248201776483,1.0003324185101499,15.312792695283497
1.51,15.9,3.17,15.56226847217333,1.000902632760506,15.569290394651803
1.69,17.8,3.17,14.969011323397414,1.0016459869338787,14.981325656698651
