r_kpc,v_obs,v_err,v_baryon,w_ring,v_model
1.74,170.0,4.7,357.2829861608302,1.0007204725476828,357.4116692784816
2.61,174.0,4.2,304.339186763716,1.0044861286716738,305.0210752354715
3.5,170.0,4.2,269.4453406537215,1.0101947148529693,270.8153170861313
4.37,170.0,4.3,240.08091927514775,1.0173976047220012,242.16033054704894
5.32,171.0,4.8,219.24542549389713,1.028547861861537,222.35289769575812
6.28,174.0,4.9,202.07898802201083,1.0487443098942943,206.94549043785273
6.81,177.0,10.1,193.41644707728452,1.0423239293016988,197.4671033208065
7.33,178.0,6.3,185.57758215905284,1.0483401974290416,190.01007590263856
7.85,180.0,7.7,178.83629301682586,1.0582280514323181,183.9692737367346
