r_kpc,v_obs,v_err,v_baryon,w_ring,v_model
1.1,26.9,8.27,29.22644863817703,1.0146289567303082,29.439448700567837
2.2,38.0,8.27,37.30098122033789,1.0050986396522463,37.39595244919156
3.3,40.5,8.27,43.05049128639533,1.0015867122392896,43.084632119559565
4.39,41.4,8.27,47.89187926987205,1.000340377264588,47.900029229846716
5.5,42.3,8.27,50.34685491666784,1.000104319433523,50.349480925875966
6.59,42.3,8.27,54.16728994513201,1.000487637770068,54.180495343705175
7.69,42.3,8.27,56.30239515331475,1.0013230325116764,56.33962779202401
