r_kpc,v_obs,v_err,v_baryon,w_ring,v_model
0.36,9.31,3.23,9.938475738260871,1.0085955830756204,9.981097840708864
0.72,15.9,3.23,16.02928881766125,1.0020413621824458,16.045641268599066
1.08,21.4,3.23,18.317341510164624,1.0002047911864438,18.31921702919728
1.45,26.1,3.23,19.779307369066288,1.0003067403986865,19.782340692787457
1.8,29.7,3.23,20.500639014430746,1.0013446539074728,20.514417516335868
2.17,31.1,3.23,21.234354240240037,1.0030625056989528,21.26684454925425
2.53,32.1,3.23,22.581483565080486,1.0051842662057782,22.639942107924117
