r_kpc,v_obs,v_err,v_baryon,w_ring,v_model
0.5,16.9,3.64,41.20354960437268,1.0049053671043504,41.304485242616046
1.0,23.9,3.64,64.87122628716062,1.0002644958044566,64.87980480354418
1.51,28.2,3.64,78.76471608531322,1.0006221500937444,78.78921401330676
2.01,33.0,3.64,77.82892071717299,1.002750898957549,77.93589694593453
2.52,39.1,3.64,77.56462209022874,1.0058557059997,77.79138841702363
3.02,43.8,3.64,77.24835079145703,1.009615761313719,77.61886308448945
3.52,53.1,3.64,74.64032690174929,1.0140920158274065,75.164403371477
4.03,61.0,3.64,71.71624711318907,1.0194789827811268,72.41135819584828
