r_kpc,v_obs,v_err,v_baryon,w_ring,v_model
1.02,56.1,3.4,24.911421075482625,1.0084162914848893,25.016032317531327
2.04,71.1,3.0,36.93242477823518,1.0018397359083697,36.96638212129989
3.05,80.7,1.5,42.866110157092635,1.0001736494423776,42.869831833595725
4.07,82.8,1.5,46.31791230182984,1.000346790940145,46.32594292182998
5.09,83.7,1.5,45.007470491019596,1.0014999042554826,45.041211292026475
6.11,86.0,1.5,45.20890288427712,1.0032597313734553,45.282527373624006
7.13,88.3,2.3,44.881070620028666,1.0054164394150134,45.00245427514232
8.14,90.0,3.0,42.25848198882681,1.008056654329498,42.428371480989846
