r_kpc,v_obs,v_err,v_baryon,w_ring,v_model
0.7,41.3,3.05,21.16548605631347,1.011040468537524,21.28200377799067
1.4,68.7,3.07,32.91946080967912,1.0033865489647993,32.97515537939976
2.09,83.8,3.05,43.284728253738635,1.0007949768226394,43.30193001353572
2.79,88.7,3.05,50.91949430228073,1.0000944151345472,50.921898030997795
3.49,90.1,3.05,55.58647677268276,1.0003909804423654,55.59734232337116
4.19,91.6,3.05,56.10579025376971,1.001309728709245,56.142519913357695
4.89,92.7,3.05,55.558347707612754,1.002652108527397,55.63197230868928
5.59,91.5,3.05,54.06554725516057,1.0042819453555905,54.18117646737318
