r_kpc,v_obs,v_err,v_baryon,w_ring,v_model
0.08,5.11,2.79,4.177200019151585,1.0133675304335026,4.205026758361258
0.24,10.8,1.94,9.972863179649062,1.0016400585813325,9.981037869198882
0.4,17.3,1.56,12.328864505703677,1.0001059509036252,12.329517615572266
0.57,20.8,1.25,13.493494728942537,1.0014994570714133,13.503607397529128
0.73,20.8,1.62,14.012630017238022,1.0042722472164463,14.042530825157147
0.89,22.9,1.76,14.136095642008085,1.008159673385077,14.193651433116187
1.05,24.3,2.23,14.26487294019824,1.0134084396083292,14.360189336746373
1.21,24.2,1.23,14.3142586255803,1.0207047591960714,14.461686061789496
