r_kpc,v_obs,v_err,v_baryon,w_ring,v_model
0.87,24.8,6.5,20.560179960301905,1.010734211265176,20.67023407028151
1.74,46.2,5.6,33.1130578473206,1.0035310955474472,33.171469014470084
2.61,60.5,5.8,38.202121668828816,1.0007006776985994,38.21550301258324
3.5,69.6,3.9,44.73170799332393,1.000090327329196,44.733728195561795
4.37,77.5,3.7,47.27057858753159,1.00047651934683,47.28183991874722
5.24,82.9,4.5,48.824199942241755,1.0014819359923308,48.86036371869696
6.11,84.1,4.9,49.48188052206585,1.0028603066152193,49.55259666580579
6.98,85.6,4.9,49.47648431325735,1.004573580170849,49.58949757565382
7.85,87.6,4.9,48.1531307393403,1.0065047537248113,48.30948901174395
