r_kpc,v_obs,v_err,v_baryon,w_ring,v_model
0.59,45.3,4.31,45.956013752282736,1.0017922976187867,45.99717874257012
1.18,59.8,4.31,50.24325825421755,1.000391945624695,50.25310360222337
1.77,60.7,4.31,47.885238852907484,1.0034324720966699,47.96735082460802
2.36,58.8,4.31,46.2052486196103,1.0083425656977303,46.397583472334276
2.95,57.9,4.31,43.524711371817276,1.0148674246313267,43.847067822778044
3.54,56.9,4.31,40.91222433454334,1.0239907501357084,41.40007318693682
4.13,55.9,4.31,38.370010424809635,1.0405438047651443,39.140115339032675
