r_kpc,v_obs,v_err,v_baryon,w_ring,v_model
0.33,12.2,4.07,9.66884170932589,1.008419333709966,9.709458998362201
0.66,19.4,4.07,13.660234258606256,1.001944644198497,13.673509955264885
1.0,23.9,4.07,18.014230485924177,1.0001656701687103,18.015722634427508
1.33,26.0,4.07,19.610520135886247,1.0003461063657746,19.613913505222556
1.67,28.2,4.07,20.40604077228113,1.0015303795144195,20.421649296206976
2.0,30.6,4.07,21.259343828067692,1.0032864892594118,21.294249474910753
2.32,33.1,4.07,21.747599867571594,1.0053629914955717,21.805837985917027
