r_kpc,v_obs,v_err,v_baryon,w_ring,v_model
0.95,46.8,5.66,28.0072704846438,1.0049539293360392,28.076557798980275
1.9,63.0,5.66,51.25967225802366,1.0002751650702078,51.26672420860226
2.86,66.8,5.66,51.47776704558969,1.0005980193245894,51.49315709478686
3.81,69.6,5.66,51.01135559853316,1.0027027070527152,51.080243459286315
4.76,73.4,5.66,47.750963341067795,1.0057062970116848,47.88701012601988
5.72,74.7,5.66,45.78508163146594,1.009491194071926,46.0018460555071
6.67,76.1,5.66,46.03186722261003,1.0139366122193496,46.351521493392866
