r_kpc,v_obs,v_err,v_baryon,w_ring,v_model
1.1,33.2,5.06,21.557850078335733,1.005561514966577,21.617714112989155
2.21,54.6,5.06,36.13131190532666,1.0004370123648882,36.13920595800234
3.31,65.7,5.06,41.32542316782734,1.0003645250020359,41.33295455652719
4.42,69.2,5.06,43.047938394306414,1.0020881623794557,43.09286049810838
5.52,70.9,5.06,47.37480870673781,1.004765903990299,47.48756641325672
6.64,72.4,5.06,48.8990838359984,1.0082548092363002,49.10049534132039
7.74,73.2,5.06,47.02672112746114,1.0124380921092102,47.318278668773125
