r_kpc,v_obs,v_err,v_baryon,w_ring,v_model
1.26,21.7,10.0,12.745587471748802,1.0173239076282932,12.855515111974947
2.51,40.3,10.0,20.2820832263355,1.0070786670673237,20.353741695642814
3.78,57.7,7.0,24.17198791990431,1.0027700292218749,24.205443324258763
5.03,68.5,7.0,25.94479716629136,1.000974789106456,25.95743943897783
6.29,73.5,7.0,29.644866334662396,1.0002030642276971,29.647876087820567
7.54,78.5,5.0,32.127072695781045,1.000113276196402,32.12889226055242
8.8,83.1,6.0,32.922553060174415,1.000470499434552,32.930297170681044
