r_kpc,v_obs,v_err,v_baryon,w_ring,v_model
1.95,32.0,10.0,25.080169457162764,1.0024091416079182,25.110362123386246
3.88,57.6,10.0,38.64239769993575,1.0001635077683841,38.64555673691572
5.83,70.9,7.0,39.20726590824716,1.0024581053223856,39.25542412642096
7.78,77.0,6.0,41.48395834536526,1.0067616243457533,41.62397153630519
9.72,82.5,6.0,43.500929875118764,1.0127251875563326,43.77683366372155
11.66,84.3,6.0,42.36628966525154,1.0214582057014074,42.81842929229154
13.59,83.9,6.0,39.191024482654186,1.0369477154940143,39.90846703550639
