r_kpc,v_obs,v_err,v_baryon,w_ring,v_model
1.74,123.0,5.5,160.46363077034,1.0014324841705626,160.57852044616837
2.61,145.0,5.5,185.50582201106252,1.000098425995292,185.51495108401548
3.5,152.0,6.2,201.16262202506704,1.0006755923451165,201.2305625157675
4.37,157.0,6.6,191.07392182084925,1.002175079460264,191.28160942930228
5.24,161.0,8.8,182.61865895904504,1.0043265930142864,183.01329087389743
6.11,165.0,11.2,171.51649162689867,1.0068767829374312,172.10522205971805
7.07,169.0,25.5,162.0689979607451,1.0100952291450476,162.8850055223495
