r_kpc,v_obs,v_err,v_baryon,w_ring,v_model
1.74,96.4,12.1,148.01974530446944,1.010311384537242,148.78093237020116
3.5,157.0,10.5,223.45501605468607,1.002963790288699,223.78590796579192
5.24,192.0,8.4,242.04169165662347,1.000574924879301,242.11125955416222
6.98,201.0,6.9,249.95191117492982,1.000098055252028,249.96416542336138
8.72,201.0,7.3,254.82678999665637,1.0005873425778866,254.90161432326659
10.47,194.0,6.4,236.26904007931296,1.0016983202408203,236.4695852144916
12.19,190.0,6.0,216.51426142404569,1.0031766441718557,216.85788313278508
13.94,186.0,6.4,200.76317814778687,1.005034910638732,201.26795589859137
15.68,184.0,6.4,187.18058499748312,1.007050870317375,187.83931889065946
17.42,182.0,7.3,178.4644572456936,1.009338817465372,179.29584420878098
19.16,181.0,6.6,169.2039024372665,1.0118733989642665,170.20545098361285
20.9,183.0,6.5,160.23210695737606,1.0147321326048693,161.40807199799556
22.65,185.0,6.5,155.37222821341015,1.0179176055355126,156.75799750384633
24.39,186.0,9.1,148.94688281397498,1.0217399961640377,150.55722996749276
26.13,186.0,11.4,142.9520678409375,1.0258058033202986,144.78481574396793
27.87,184.0,13.6,137.6566522184816,1.0311795676063273,139.78621734999942
29.61,185.0,13.6,133.0775987910813,1.0376777685613146,135.56145208823898
