r_kpc,v_obs,v_err,v_baryon,w_ring,v_model
0.87,42.2,7.3,94.8,1.0100686146058773,95.27605702487695
1.74,79.9,5.9,129.83322109537298,1.0032239543686883,130.0423408730228
2.71,112.0,6.2,143.20810032955538,1.0004504320851855,143.24034946007689
3.58,127.0,4.9,149.9307173330402,1.0001222714645912,149.93988317706624
4.45,130.0,4.9,157.0288030903885,1.000708079973292,157.08438772788668
5.32,133.0,4.5,151.7917840332605,1.0018731945110528,151.9338852869096
6.2,136.0,7.4,141.38778447942383,1.0034727702733686,141.63307535175986
