r_kpc,v_obs,v_err,v_baryon,w_ring,v_model
0.91,26.0,4.1,30.315791264619833,1.0091085144007816,30.45354420516926
1.82,45.1,3.02,35.91329837260844,1.002213422777362,35.95302205974407
2.73,57.0,2.97,39.64972887675274,1.000269031939904,39.655062039817246
3.63,62.0,2.85,44.306118087686265,1.0002121816445646,44.310818310874275
4.55,66.9,2.75,45.06948080464207,1.0011566706594162,45.09553854480475
5.45,70.6,2.86,45.371247503237115,1.002684035547275,45.43209572146377
6.37,72.8,2.66,44.670807022036215,1.0046681451158703,44.7749505291068
7.28,73.3,2.66,45.86032381045734,1.0071766082797584,46.02459040786907
8.18,74.3,2.67,46.248969718254266,1.0099667838706725,46.478875027143864
