r_kpc,v_obs,v_err,v_baryon,w_ring,v_model
0.87,24.8,6.5,20.560179960301905,1.0107348721806488,20.67024082837634
1.74,46.2,5.6,33.1130578473206,1.0035304093852642,33.1714576740086
2.61,60.5,5.8,38.202121668828816,1.0007002856200646,38.21549552608892
3.5,69.6,3.9,44.73170799332393,1.0000900876188359,44.73372283447668
4.37,77.5,3.7,47.27057858753159,1.000476349651838,47.28183590891209
5.24,82.9,4.5,48.824199942241755,1.0014818086188568,48.86036061154433
6.11,84.1,4.9,49.48188052206585,1.0028602061475071,49.55259418368734
6.98,85.6,4.9,49.47648431325735,1.0045735002244403,49.58949560242737
7.85,87.6,4.9,48.1531307393403,1.0065046923537624,48.309487538922255
