{
  "R_d_kpc": 0.8534169807501845,
  "dx_kpc": 0.018616845354606185
}