galaxy,N,chi2_over_N
CamB,8,0.22643757968204303
D631-7,14,3.054033593909865
DDO064,13,1.4106667988019104
DDO154,7,2.2404087427953123
