r_kpc,v_obs,v_err,v_baryon,w_ring,v_model
1.26,21.7,10.0,12.745587471748802,1.0173204065451484,12.85549299106259
2.51,40.3,10.0,20.2820832263355,1.0070795522711533,20.353750640925202
3.78,57.7,7.0,24.17198791990431,1.002770544752326,24.205449546344163
5.03,68.5,7.0,25.94479716629136,1.0009750481702409,25.957442798019507
6.29,73.5,7.0,29.644866334662396,1.0002032047725533,29.64787817082575
7.54,78.5,5.0,32.127072695781045,1.0001133780753246,32.12889389699547
8.8,83.1,6.0,32.922553060174415,1.0004705779490968,32.93029846282671
