r_kpc,v_obs,v_err,v_baryon,w_ring,v_model
1.95,32.0,10.0,25.080169457162764,1.0024097173371884,25.110369334398086
3.88,57.6,10.0,38.64239769993575,1.0001636230739068,38.64555896457447
5.83,70.9,7.0,39.20726590824716,1.0024581647757258,39.255425290492575
7.78,77.0,6.0,41.48395834536526,1.0067616689992158,41.62397245939085
9.72,82.5,6.0,43.500929875118764,1.0127252273891483,43.77683452464341
11.66,84.3,6.0,42.36628966525154,1.0214582430087782,42.81843007423396
13.59,83.9,6.0,39.191024482654186,1.0369473261864777,39.90845954396742
