r_kpc,v_obs,v_err,v_baryon,w_ring,v_model
9.19,248.0,7.0,218.11,1.0002730742699417,218.13977808174027
13.79,264.0,6.6,246.72749036132961,1.0006028507663807,246.80184908454052
18.35,272.0,5.7,245.20560719526785,1.0026770438116905,245.53360090526732
22.94,271.0,5.7,236.47687117348283,1.0057150512728583,237.15164717396425
27.52,264.0,5.3,213.45875151888245,1.009410769028873,214.46080501981865
32.11,242.0,7.4,193.64141628277767,1.0138482728473466,194.97760579267876
36.7,244.0,5.3,179.44411414142286,1.0192978242623403,181.1672810133324
41.44,241.0,6.2,167.37552748236521,1.026362073935498,169.56735915793865
46.02,237.0,8.6,157.69426432181987,1.036276790983659,160.5291045590397
