r_kpc,v_obs,v_err,v_baryon,w_ring,v_model
0.87,42.2,7.3,94.8,1.0100680650569998,95.27603110641132
1.74,79.9,5.9,129.83322109537298,1.0032252128366228,130.04242243709632
2.71,112.0,6.2,143.20810032955538,1.0004508850321812,143.24038188561067
3.58,127.0,4.9,149.9307173330402,1.000122582311459,149.93990647838686
4.45,130.0,4.9,157.0288030903885,1.0007083079797154,157.08440562333894
5.32,133.0,4.5,151.7917840332605,1.0018733715761026,151.93389871285007
6.2,136.0,7.4,141.38778447942383,1.0034729157632498,141.6330856191927
