r_kpc,v_obs,v_err,v_baryon,w_ring,v_model
0.56,16.9,3.93,7.782030583337488,1.0164975813263577,7.845960331605318
1.11,27.4,3.93,11.718638999474297,1.0080848984485322,11.765915638265996
1.67,33.5,3.93,14.213064412715505,1.0032812061226963,14.236363313230425
2.23,36.4,3.93,18.459471823429833,1.0013043076194699,18.47150631541403
2.79,39.8,3.93,20.266469845535507,1.0003480380884155,20.269996290439902
3.34,41.2,3.93,20.602448883567217,1.0000870443021606,20.60334552694865
3.9,42.6,3.93,22.250224717966333,1.0002446200472983,22.25294597706933
4.46,44.5,3.93,23.069442992842287,1.0007326839212003,23.07789275035127
