r_kpc,v_obs,v_err,v_baryon,w_ring,v_model
0.7,41.3,3.05,21.16548605631347,1.0110406041765774,21.282005205564957
1.4,68.7,3.07,32.91946080967912,1.0033870522654262,32.97516364959947
2.09,83.8,3.05,43.284728253738635,1.0007950557823566,43.30193172173178
2.79,88.7,3.05,50.91949430228073,1.0000944354624035,50.92189854851544
3.49,90.1,3.05,55.58647677268276,1.000390986080196,55.59734248003411
4.19,91.6,3.05,56.10579025376971,1.0013097305916276,56.142519966129434
4.89,92.7,3.05,55.558347707612754,1.0026521089877463,55.63197232146049
5.59,91.5,3.05,54.06554725516057,1.004281945233446,54.18117646407832
