r_kpc,v_obs,v_err,v_baryon,w_ring,v_model
0.36,9.31,3.23,9.938475738260871,1.0085965452783772,9.981102601704118
0.72,15.9,3.23,16.02928881766125,1.0020415614457316,16.045642863995806
1.08,21.4,3.23,18.317341510164624,1.0002048143003717,18.31921724086846
1.45,26.1,3.23,19.779307369066288,1.000306745662265,19.782340744834443
1.8,29.7,3.23,20.500639014430746,1.0013446550837442,20.51441752838493
2.17,31.1,3.23,21.234354240240037,1.0030625055883833,21.266844548082112
2.53,32.1,3.23,22.581483565080486,1.00518426580625,22.639942103424797
