r_kpc,v_obs,v_err,v_baryon,w_ring,v_model
0.6,14.6,6.69,10.70028037015853,1.0125951423161408,10.767455289650792
1.19,31.5,6.69,14.55742078803797,1.0047636374126396,14.592052730682909
1.79,44.8,6.69,17.665588017385666,1.0013425049406464,17.677442109772056
2.38,50.6,6.69,21.114755504149226,1.000238861527945,21.117277104960813
2.99,55.6,6.69,22.602783014487397,1.000148914395578,22.60446589172406
3.59,61.4,6.69,24.49139032394854,1.0007065591605575,24.500041104240434
4.18,66.0,6.69,26.844360674078274,1.0016742012536184,26.86682270766535
4.78,69.3,6.69,29.088863848558955,1.003027281206714,29.13286066146673
