r_kpc,v_obs,v_err,v_baryon,w_ring,v_model
1.74,170.0,4.7,357.2829861608302,1.0007204775394805,357.4116701699028
2.61,174.0,4.2,304.339186763716,1.0044861295988456,305.0210753762435
3.5,170.0,4.2,269.4453406537215,1.0101947158150275,270.81531721508674
4.37,170.0,4.3,240.08091927514775,1.0173976063565777,242.16033074157937
5.32,171.0,4.8,219.24542549389713,1.0285478751214894,222.35289912903553
6.28,174.0,4.9,202.07898802201083,1.0487452008692881,206.94557834451223
6.81,177.0,10.1,193.41644707728452,1.042323903771897,197.46710090251028
7.33,178.0,6.3,185.57758215905284,1.0483401936655403,190.0100755615741
7.85,180.0,7.7,178.83629301682586,1.0582279992499377,183.96926920087168
