r_kpc,v_obs,v_err,v_baryon,w_ring,v_model
1.1,26.9,8.27,29.22644863817703,1.0146255711327163,29.43939958398728
2.2,38.0,8.27,37.30098122033789,1.0050994662010784,37.39596782558012
3.3,40.5,8.27,43.05049128639533,1.0015868935964045,43.08463602022245
4.39,41.4,8.27,47.89187926987205,1.0003404224834773,47.90003031247126
5.5,42.3,8.27,50.34685491666784,1.0001043346453964,50.349481308790985
6.59,42.3,8.27,54.16728994513201,1.000487643677586,54.1804955036633
7.69,42.3,8.27,56.30239515331475,1.0013230350248283,56.33962786272549
