r_kpc,v_obs,v_err,v_baryon,w_ring,v_model
0.5,16.9,3.64,41.20354960437268,1.0049063846513082,41.304506154656146
1.0,23.9,3.64,64.87122628716062,1.0002645410177138,64.87980626986999
1.51,28.2,3.64,78.76471608531322,1.000622155846582,78.78921423979662
2.01,33.0,3.64,77.82892071717299,1.0027509001984014,77.93589699415536
2.52,39.1,3.64,77.56462209022874,1.0058557069995553,77.7913884556873
3.02,43.8,3.64,77.24835079145703,1.009615761988954,77.61886311044535
3.52,53.1,3.64,74.64032690174929,1.0140920163406202,75.16440339049667
4.03,61.0,3.64,71.71624711318907,1.0194789832117679,72.41135821114203
