r_kpc,v_obs,v_err,v_baryon,w_ring,v_model
0.08,5.11,2.79,4.177200019151585,1.0133676444515134,4.205026994923393
0.24,10.8,1.94,9.972863179649062,1.0016401206511283,9.981038178452176
0.4,17.3,1.56,12.328864505703677,1.000105954934707,12.329517640420281
0.57,20.8,1.25,13.493494728942537,1.0014994573076785,13.503607399121954
0.73,20.8,1.62,14.012630017238022,1.0042722471401195,14.042530824623519
0.89,22.9,1.76,14.136095642008085,1.008159673358176,14.19365143292682
1.05,24.3,2.23,14.26487294019824,1.0134084397019498,14.360189337409684
1.21,24.2,1.23,14.3142586255803,1.0207047632348991,14.461686090401228
