r_kpc,v_obs,v_err,v_baryon,w_ring,v_model
0.62,29.9,1.42,21.87501085714016,1.0157585026520815,22.046695834771104
0.87,34.4,2.31,28.50307001008839,1.0115868655876894,28.667725045337633
1.12,46.3,2.05,32.17615576789745,1.0095715426743554,32.32977676985218
1.37,49.8,1.87,34.693428772607646,1.0067186772064685,34.809780641663494
1.62,57.6,2.76,36.196796819608224,1.0048222849636275,36.283967490061684
2.3,71.3,7.5,40.93574477153188,1.0018510661617896,40.973614640703104
4.97,76.65,1.09,47.96469534980911,1.000665286322142,47.980647824890355
7.45,81.0,0.63,49.6538749746684,1.0043312304136287,49.76128997727836
9.98,83.85,1.04,46.44568871273199,1.0099701744966052,46.676650269320156
