r_kpc,v_obs,v_err,v_baryon,w_ring,v_model
0.91,26.0,4.1,30.315791264619833,1.0091092699017141,30.45355560517055
1.82,45.1,3.02,35.91329837260844,1.0022140352315971,35.95303304521721
2.73,57.0,2.97,39.64972887675274,1.0002692675713858,39.65506671055091
3.63,62.0,2.85,44.306118087686265,1.0002123065522044,44.310821077666986
4.55,66.9,2.75,45.06948080464207,1.0011567555570569,45.09554045684553
5.45,70.6,2.86,45.371247503237115,1.0026840981167988,45.43209713899135
6.37,72.8,2.66,44.670807022036215,1.00466819361832,44.77495160990885
7.28,73.3,2.66,45.86032381045734,1.0071766534233495,46.024591439324354
8.18,74.3,2.67,46.248969718254266,1.0099668257517684,46.4788759908321
