r_kpc,v_obs,v_err,v_baryon,w_ring,v_model
0.52,7.31,2.12,11.776459569836767,1.015543299990414,11.867629188644653
1.05,14.6,2.05,17.217026456389036,1.0057234484022572,17.266226539579733
1.57,21.0,2.05,20.769133347349857,1.0020807171304797,20.790729465104885
2.09,28.1,2.06,26.94721506946497,1.0005266787881504,26.954310398636515
2.63,35.3,2.5,30.75746576036459,1.000089444334309,30.75884127013237
3.15,43.0,3.38,32.674199301589624,1.0002909218060039,32.67895177450054
3.68,46.6,3.15,33.590095266313256,1.0009386030334937,33.605855451697316
4.2,48.0,3.0,34.53778510559124,1.0018633064123945,34.56994736875456
