{
  "R_d_kpc": 1.1352168398959415,
  "dx_kpc": 0.029088820866572163
}