galaxy,N,chi2_over_N
CamB,8,0.22580199875741622
D631-7,14,3.053960109731929
DDO064,13,1.4116692525388994
DDO154,7,2.24161074306436
