{
  "R_d_kpc": 3.824960377115394,
  "dx_kpc": 0.0712676111231018
}