{
  "R_d_kpc": 14.843662691879638,
  "dx_kpc": 0.3781546712654381
}