{
  "thresholds": [
    0.016916930675506592,
    0.02129422314465046,
    0.02510085143148899,
    0.02659621089696884
  ],
  "B": 5,
  "sample_size": 156,
  "pixscale_kpc": 0.3333333333333333,
  "lambda_rec_kpc": 0.5,
  "A": 7.0,
  "p": 1.6
}