r_kpc,v_obs,v_err,v_baryon,K_ring,v_model
0.26,18.3,1.8,9.493376638478008,1.0021892384128397,9.503762589657132
0.77,35.3,3.0,18.765569535721532,1.0033398965803308,18.79688094405865
1.29,47.8,4.63,21.954819516452417,1.0076714526589738,22.03887130388278
1.81,52.8,1.26,23.4251253998778,1.0142679799890968,23.591648128125495
2.32,58.0,3.11,23.545838273461406,1.0202466021620937,23.783005441734623
