r_kpc,v_obs,v_err,v_baryon,K_ring,v_model
1.87,27.7,3.0,20.154862936770375,1.0064429402030455,20.219686978409705
3.36,42.4,1.5,24.84285410334328,1.0021130982343327,24.86908794755505
4.86,52.5,1.0,28.66272317837229,1.0007750856951123,28.67382906014586
6.35,55.6,1.0,31.195207965326983,1.001134726010931,31.212901954240067
7.85,58.6,1.1,32.79981249946408,1.0025169737808812,32.84106469214489
9.34,59.0,1.2,32.63231680405178,1.0047561085108987,32.70982617247293
10.83,60.0,1.3,31.212744192076414,1.0076870209236235,31.33248103652717
12.33,62.2,1.0,29.074217100379503,1.0114959359888478,29.2408572172624
