r_kpc,v_obs,v_err,v_baryon,K_ring,v_model
0.16,1.99,1.5,4.185940754478018,,
0.41,4.84,1.5,10.375861410022784,1.0053357508334817,10.403506088387049
0.57,6.79,1.5,13.029570215475259,1.0048929337215855,13.06140773002793
0.73,8.87,1.5,15.299388876683931,1.0045375816635613,15.33406070285513
0.9,10.9,1.5,16.715648357153245,1.0043076173803198,16.75161197808514
1.06,12.9,1.5,17.420998823259247,1.0041942452203083,17.45749456580198
1.22,14.7,1.5,17.405795012006777,1.0042634682004659,17.44286007436593
1.47,16.8,1.5,17.835257217096704,1.0045775264454813,17.876031290060233
1.79,20.1,1.5,16.433386747715762,1.005369349417098,16.477445982313334
