r_kpc,v_obs,v_err,v_baryon,w_ring,v_model
1.74,123.0,5.5,160.46363077034,1.0014331375301049,160.57857282887673
2.61,145.0,5.5,185.50582201106252,1.0000987804041346,185.51498395484677
3.5,152.0,6.2,201.16262202506704,1.0006758087960173,201.23058427933128
4.37,157.0,6.6,191.07392182084925,1.0021752430873188,191.28162504475998
5.24,161.0,8.8,182.61865895904504,1.0043267253096582,183.01330292765098
6.11,165.0,11.2,171.51649162689867,1.0068768862387774,172.10523088835575
7.07,169.0,25.5,162.0689979607451,1.0100953241863366,162.88501318538962
