r_kpc,v_obs,v_err,v_baryon,w_ring,v_model
9.19,248.0,7.0,218.11,1.0002730461538512,218.13977501595858
13.79,264.0,6.6,246.72749036132961,1.0006028471213742,246.80184863501435
18.35,272.0,5.7,245.20560719526785,1.002677042979164,245.53360080333357
22.94,271.0,5.7,236.47687117348283,1.0057150507445265,237.1516471116729
27.52,264.0,5.3,213.45875151888245,1.0094107686444402,214.4608049789801
32.11,242.0,7.4,193.64141628277767,1.0138482726645484,194.97760577510135
36.7,244.0,5.3,179.44411414142286,1.0192978241706467,181.1672810051837
41.44,241.0,6.2,167.37552748236521,1.0263620714192745,169.56735895008347
46.02,237.0,8.6,157.69426432181987,1.0362765640173572,160.52908697942223
