r_kpc,v_obs,v_err,v_baryon,w_ring,v_model
0.95,46.8,5.66,28.0072704846438,1.0049545051263187,28.07656584223792
1.9,63.0,5.66,51.25967225802366,1.0002751822483353,51.26672464881429
2.86,66.8,5.66,51.47776704558969,1.000598021518675,51.493157151243295
3.81,69.6,5.66,51.01135559853316,1.0027027075714787,51.08024347249988
4.76,73.4,5.66,47.750963341067795,1.0057062973397675,47.88701013383075
5.72,74.7,5.66,45.78508163146594,1.0094911942514821,46.001846059598236
6.67,76.1,5.66,46.03186722261003,1.0139366123090126,46.351521495442306
