r_kpc,v_obs,v_err,v_baryon,w_ring,v_model
0.7,41.3,3.05,21.16548605631347,1.0110411280141058,21.28201071885073
1.4,68.7,3.07,32.91946080967912,1.003386778419096,32.97515914977652
2.09,83.8,3.05,43.284728253738635,1.0007950070622202,43.30193066773175
2.79,88.7,3.05,50.91949430228073,1.0000944227633761,50.92189822521669
3.49,90.1,3.05,55.58647677268276,1.000390982556363,55.59734238211451
4.19,91.6,3.05,56.10579025376971,1.0013097294156466,56.142519933161346
4.89,92.7,3.05,55.558347707612754,1.0026521087000633,55.631972313479466
5.59,91.5,3.05,54.06554725516057,1.0042819453092675,54.18117646612362
