r_kpc,v_obs,v_err,v_baryon,w_ring,v_model
0.87,26.6,4.4,6.92,1.023474706696774,7.000751330733323
1.74,45.2,2.7,10.96,1.012471208102211,11.028130461287196
2.61,57.0,3.9,16.738321301731546,1.0071035580396925,16.797666915407092
3.5,69.3,3.0,23.226967085695886,1.003900423840507,23.272220509838824
4.37,77.3,3.4,26.021775496687386,1.0020580435616693,26.048538707563527
5.24,80.7,3.9,30.05009983344481,1.0009849730013958,30.06489545953105
6.11,84.0,3.0,31.749483460365145,1.0003830671951437,31.755563970898084
6.98,85.0,3.0,34.23893835970969,1.0001214564814704,34.24101756706953
7.85,85.7,3.4,34.26793836810146,1.000112461941758,34.26986523337269
