r_kpc,v_obs,v_err,v_baryon,w_ring,v_model
1.1,26.9,8.27,29.22644863817703,1.0146274224962375,29.439426442666562
2.2,38.0,8.27,37.30098122033789,1.0050991171681525,37.395961332478876
3.3,40.5,8.27,43.05049128639533,1.0015867856685028,43.084633698888915
4.39,41.4,8.27,47.89187926987205,1.0003403943894684,47.90002963984829
5.5,42.3,8.27,50.34685491666784,1.000104325140535,50.349481069533525
6.59,42.3,8.27,54.16728994513201,1.0004876399860831,54.18049540370832
7.69,42.3,8.27,56.30239515331475,1.0013230334554417,56.33962781857458
