r_kpc,v_obs,v_err,v_baryon,w_ring,v_model
0.36,9.31,3.23,9.938475738260871,1.0085963706570211,9.981101737674912
0.72,15.9,3.23,16.02928881766125,1.002041442603983,16.045641912492204
1.08,21.4,3.23,18.317341510164624,1.00020479986336,18.319217108658165
1.45,26.1,3.23,19.779307369066288,1.0003067423709666,19.782340712289635
1.8,29.7,3.23,20.500639014430746,1.0013446543482032,20.514417520850458
2.17,31.1,3.23,21.234354240240037,1.003062505656835,21.266844548807764
2.53,32.1,3.23,22.581483565080486,1.0051842660551178,22.639942106227444
