r_kpc,v_obs,v_err,v_baryon,w_ring,v_model
1.02,56.1,3.4,24.911421075482625,1.008417094855609,25.016042282237404
2.04,71.1,3.0,36.93242477823518,1.001839806514869,36.966383423936776
3.05,80.7,1.5,42.866110157092635,1.0001736581361802,42.8698320199143
4.07,82.8,1.5,46.31791230182984,1.0003467929835546,46.32594296914501
5.09,83.7,1.5,45.007470491019596,1.0014999046646027,45.041211301226305
6.11,86.0,1.5,45.20890288427712,1.0032597313862828,45.28252737391349
7.13,88.3,2.3,44.881070620028666,1.0054164393055869,45.002454272693356
8.14,90.0,3.0,42.25848198882681,1.0080566541300209,42.428371476791924
