r_kpc,v_obs,v_err,v_baryon,w_ring,v_model
0.08,5.11,2.79,4.177200019151585,1.013368031583776,4.205027798137048
0.24,10.8,1.94,9.972863179649062,1.0016400822408056,9.9810379870786
0.4,17.3,1.56,12.328864505703677,1.0001059524102545,12.329517624859289
0.57,20.8,1.25,13.493494728942537,1.001499457159736,13.503607398124572
0.73,20.8,1.62,14.012630017238022,1.0042722471879602,14.042530824957991
0.89,22.9,1.76,14.136095642008085,1.0081596733751719,14.193651433046462
1.05,24.3,2.23,14.26487294019824,1.013408439642919,14.360189336991443
1.21,24.2,1.23,14.3142586255803,1.0207047601547496,14.461686068580935
