r_kpc,v_obs,v_err,v_baryon,w_ring,v_model
0.62,29.9,1.42,21.87501085714016,1.015760572534713,22.04671829781199
0.87,34.4,2.31,28.50307001008839,1.0115881838115546,28.667743724142337
1.12,46.3,2.05,32.17615576789745,1.009572277860094,32.3297885413738
1.37,49.8,1.87,34.693428772607646,1.0067183907956265,34.809775689982594
1.62,57.6,2.76,36.196796819608224,1.0048218437279317,36.28395952358659
2.3,71.3,7.5,40.93574477153188,1.0018508945344278,40.97361113110276
4.97,76.65,1.09,47.96469534980911,1.0006652829012928,47.980647742877636
7.45,81.0,0.63,49.6538749746684,1.004331229802113,49.76128996212908
9.98,83.85,1.04,46.44568871273199,1.0099701739235105,46.676650256077124
