r_kpc,v_obs,v_err,v_baryon,w_ring,v_model
0.87,24.8,6.5,20.560179960301905,1.010734890257093,20.670241013214355
1.74,46.2,5.6,33.1130578473206,1.0035313466644773,33.1714731647751
2.61,60.5,5.8,38.202121668828816,1.0007007084722719,38.21550360018721
3.5,69.6,3.9,44.73170799332393,1.000090334042888,44.73372834571247
4.37,77.5,3.7,47.27057858753159,1.0004765215548226,47.28183997092134
5.24,82.9,4.5,48.824199942241755,1.0014819368175654,48.86036373882775
6.11,84.1,4.9,49.48188052206585,1.002860306935817,49.552596673726356
6.98,85.6,4.9,49.47648431325735,1.0045735802772537,49.58949757828009
7.85,87.6,4.9,48.1531307393403,1.006504753749392,48.309489012333856
