r_kpc,v_obs,v_err,v_baryon,w_ring,v_model
0.91,26.0,4.1,30.315791264619833,1.0091091006249098,30.453553050897717
1.82,45.1,3.02,35.91329837260844,1.0022139376973571,35.953031295764646
2.73,57.0,2.97,39.64972887675274,1.0002692543860472,39.655066449188546
3.63,62.0,2.85,44.306118087686265,1.0002123035579222,44.310821011341524
4.55,66.9,2.75,45.06948080464207,1.0011567550773102,45.09554044604081
5.45,70.6,2.86,45.371247503237115,1.002684098179941,45.43209714042185
6.37,72.8,2.66,44.670807022036215,1.004668193809614,44.77495161417154
7.28,73.3,2.66,45.86032381045734,1.0071766536720455,46.02459144500664
8.18,74.3,2.67,46.248969718254266,1.0099668259514167,46.47887599542602
