r_kpc,v_obs,v_err,v_baryon,w_ring,v_model
0.5,16.9,3.64,41.20354960437268,1.0049059460424838,41.30449714062103
1.0,23.9,3.64,64.87122628716062,1.0002645129527947,64.8798053596875
1.51,28.2,3.64,78.76471608531322,1.000622152251569,78.78921409826056
2.01,33.0,3.64,77.82892071717299,1.0027508994240546,77.93589696406343
2.52,39.1,3.64,77.56462209022874,1.0058557063759093,77.79138843157136
3.02,43.8,3.64,77.24835079145703,1.0096157615680676,77.61886309426654
3.52,53.1,3.64,74.64032690174929,1.014092016020478,75.16440337863223
4.03,61.0,3.64,71.71624711318907,1.01947898294071,72.41135820151571
