r_kpc,v_obs,v_err,v_baryon,w_ring,v_model
0.59,45.3,4.31,45.956013752282736,1.0017923823368837,45.99718068748095
1.18,59.8,4.31,50.24325825421755,1.0003919477400085,50.25310365535308
1.77,60.7,4.31,47.885238852907484,1.0034324721595844,47.96735082611177
2.36,58.8,4.31,46.2052486196103,1.0083425655060352,46.397583467923965
2.95,57.9,4.31,43.524711371817276,1.0148674244160083,43.84706781812666
3.54,56.9,4.31,40.91222433454334,1.023990750460384,41.40007319350016
4.13,55.9,4.31,38.370010424809635,1.0405437854412338,39.14011497559766
