r_kpc,v_obs,v_err,v_baryon,w_ring,v_model
0.6,14.6,6.69,10.70028037015853,1.0125955670313314,10.767457547760255
1.19,31.5,6.69,14.55742078803797,1.0047634076027367,14.59205106193302
1.79,44.8,6.69,17.665588017385666,1.0013424626871996,17.67744173680633
2.38,50.6,6.69,21.114755504149226,1.0002388506484625,21.117276990115723
2.99,55.6,6.69,22.602783014487397,1.000148911637435,22.604465860555525
3.59,61.4,6.69,24.49139032394854,1.0007065584135009,24.500041095095437
4.18,66.0,6.69,26.844360674078274,1.0016742011427804,26.8668227061789
4.78,69.3,6.69,29.088863848558955,1.0030272813202978,29.132860663116247
