r_kpc,v_obs,v_err,v_baryon,w_ring,v_model
1.74,170.0,4.7,357.2829861608302,1.0007204744226836,357.41166961331396
2.61,174.0,4.2,304.339186763716,1.0044861290196083,305.0210752882982
3.5,170.0,4.2,269.4453406537215,1.0101947152143964,270.81531713457747
4.37,170.0,4.3,240.08091927514775,1.0173976053362088,242.16033062014557
5.32,171.0,4.8,219.24542549389713,1.0285478652452817,222.35289806150942
6.28,174.0,4.9,202.07898802201083,1.048744548533321,206.94551398280416
6.81,177.0,10.1,193.41644707728452,1.0423239127815993,197.4671017559493
7.33,178.0,6.3,185.57758215905284,1.0483401939188832,190.01007558453313
7.85,180.0,7.7,178.83629301682586,1.058228025513064,183.9692714837484
