{
  "R_d_kpc": 6.500396268363346,
  "dx_kpc": 0.15756444636059921
}