r_kpc,v_obs,v_err,v_baryon,K_ring,v_model
1.74,87.5,9.4,126.78499674646051,1.0028320100116104,126.96439800977197
3.5,106.0,7.1,137.9797380052593,1.0016352297273916,138.0925062082926
5.24,116.0,5.3,127.15870477478134,1.0042632469157309,127.42947097388448
6.98,125.0,5.7,115.2906943339314,1.009048323537037,115.81111350625139
8.72,126.0,4.4,105.31830800008136,1.0157469490519513,106.14429004213555
10.47,123.0,4.4,97.0566401643906,1.025024350639522,98.26352613159617
12.31,118.0,4.6,90.09078532236246,1.0373455151246957,91.75760925800171
