r_kpc,v_obs,v_err,v_baryon,K_ring,v_model
0.59,45.3,4.31,45.956013752282736,1.0052289046756264,46.07600690619787
1.18,59.8,4.31,50.24325825421755,1.0064896682056812,50.40602564251022
1.77,60.7,4.31,47.885238852907484,1.009709365594665,48.117144942754464
2.36,58.8,4.31,46.2052486196103,1.0139298889148707,46.52595262959782
2.95,57.9,4.31,43.524711371817276,1.0192632915900275,43.941926325774496
3.54,56.9,4.31,40.91222433454334,1.025250778719667,41.42553691207688
4.13,55.9,4.31,38.370010424809635,1.030745958659783,38.955406227900475
