r_kpc,v_obs,v_err,v_baryon,K_ring,v_model
0.56,16.9,3.93,7.782030583337488,1.0086199584940954,7.815499004312036
1.11,27.4,3.93,11.718638999474297,1.0061916853228217,11.754862078071543
1.67,33.5,3.93,14.213064412715505,1.0039997012484136,14.241460053268188
2.23,36.4,3.93,18.459471823429833,1.0024671773312483,18.48222919067652
2.79,39.8,3.93,20.266469845535507,1.0016166530010868,20.28284515455871
3.34,41.2,3.93,20.602448883567217,1.0012141456411643,20.61495227623823
3.9,42.6,3.93,22.250224717966333,1.0011899925553576,22.263459582674077
4.46,44.5,3.93,23.069442992842287,1.0014759288601025,23.086461144112224
