r_kpc,v_obs,v_err,v_baryon,K_ring,v_model
0.78,19.8,10.7,21.27854318321628,,
2.35,55.4,10.7,41.58850321903879,1.0082820332415252,41.76036679089231
3.91,88.5,10.7,47.59366029210193,1.0032643262817544,47.671277619707624
5.48,105.0,10.7,53.7404670616101,1.0011841398273769,53.77227576160367
7.03,106.0,10.7,56.808289888008424,1.0004234838531738,56.820317311535284
8.6,103.0,10.7,58.26804355733939,1.0005420894678114,58.2838346639424
13.27,109.0,15.8,60.23183377583651,1.0035529264993917,60.33873854299963
14.85,113.0,14.7,61.02819430394447,1.005131738066353,61.18458427651295
25.8,105.0,10.4,60.28010119434108,1.02356017668638,60.98607211945723
