r_kpc,v_obs,v_err,v_baryon,K_ring,v_model
1.1,26.9,8.27,29.22644863817703,1.010536830064974,29.38002221493542
2.2,38.0,8.27,37.30098122033789,1.0056715391016147,37.40660865132453
3.3,40.5,8.27,43.05049128639533,1.0025663543466334,43.10569729726327
4.39,41.4,8.27,47.89187926987205,1.001085938004862,47.917876019984035
5.5,42.3,8.27,50.34685491666784,1.0006305186841629,50.362724731865185
6.59,42.3,8.27,54.16728994513201,1.0008291994050043,54.18974303387114
7.69,42.3,8.27,56.30239515331475,1.0014852533179233,56.344191299211204
