r_kpc,v_obs,v_err,v_baryon,K_ring,v_model
0.5,16.9,3.64,41.20354960437268,1.0047011336366318,41.30028773945471
1.0,23.9,3.64,64.87122628716062,1.0045068368066752,65.01724396780786
1.51,28.2,3.64,78.76471608531322,1.005541193440137,78.98263987693748
2.01,33.0,3.64,77.82892071717299,1.0076593393205635,78.12641121498817
2.52,39.1,3.64,77.56462209022874,1.01049135408665,77.9704394315288
3.02,43.8,3.64,77.24835079145703,1.0140273399022404,77.7882584546611
3.52,53.1,3.64,74.64032690174929,1.0181382176577647,75.31420613954208
4.03,61.0,3.64,71.71624711318907,1.0229306310803372,72.53383612272326
