r_kpc,v_obs,v_err,v_baryon,K_ring,v_model
0.36,9.31,3.23,9.938475738260871,1.0047636252264727,9.962119201434097
0.72,15.9,3.23,16.02928881766125,1.0042321777974346,16.06317240529202
1.08,21.4,3.23,18.317341510164624,1.0042422739643704,18.356153980937712
1.45,26.1,3.23,19.779307369066288,1.0048688892295832,19.827400528392186
1.8,29.7,3.23,20.500639014430746,1.0060174864893654,20.562227660331498
2.17,31.1,3.23,21.234354240240037,1.0076598146149853,21.315524707553056
2.53,32.1,3.23,22.581483565080486,1.0095591477832078,22.6891567304454
