r_kpc,v_obs,v_err,v_baryon,K_ring,v_model
1.74,56.9,6.6,57.53,1.0023343132463043,57.59710738094558
2.61,87.4,4.8,63.17,1.0021963386366275,63.23933330686336
3.5,92.1,5.7,61.1,1.0035366800192103,61.207950212488875
4.37,93.5,5.2,59.64642654845301,1.0058492409861761,59.82061536317896
5.24,98.2,4.4,59.98274418530716,1.0091026812687909,60.25512763554939
6.11,99.7,4.4,59.50775747749196,1.0131319660145544,59.897210002754306
6.98,102.0,3.5,60.88311177986881,1.0181415130364446,61.43288543862184
7.85,107.0,4.4,63.027712159017796,1.0242005094920779,63.78580439606807
8.72,108.0,4.4,62.13607084455856,1.0308909697382502,63.08849321636215
