r_kpc,v_obs,v_err,v_baryon,K_ring,v_model
0.6,14.6,6.69,10.70028037015853,1.0067225767854218,10.7361868534235
1.19,31.5,6.69,14.55742078803797,1.0044065794318637,14.589459746794306
1.79,44.8,6.69,17.665588017385666,1.0026777593299754,17.689224301460577
2.38,50.6,6.69,21.114755504149226,1.0017811573523938,21.13355148922618
2.99,55.6,6.69,22.602783014487397,1.0016012845487998,22.620872519373368
3.59,61.4,6.69,24.49139032394854,1.0019708891667154,24.515513351779326
4.18,66.0,6.69,26.844360674078274,1.0027841538168771,26.881704114290674
4.78,69.3,6.69,29.088863848558955,1.0039218590051902,29.14584924238012
