r_kpc,v_obs,v_err,v_baryon,K_ring,v_model
0.19,3.74,3.17,3.8782728114458376,1.0052226754575344,3.8883871028431285
0.38,5.4,3.17,6.440496875241847,1.0049113566014016,6.456293291961429
0.57,7.31,3.17,8.77564812421282,1.0046745209828838,8.796135185974226
0.75,8.85,3.17,11.462399399776645,1.0045956395516036,11.48870773653463
0.94,10.7,3.17,13.049704977508112,1.0047257795635005,13.080503648010286
1.13,12.4,3.17,14.089375429734279,1.0050403828574244,14.124838721954271
1.32,14.1,3.17,15.310248201776483,1.0055350117689827,15.35256093419574
1.51,15.9,3.17,15.56226847217333,1.0062273193514246,15.610648876817047
1.69,17.8,3.17,14.969011323397414,1.007036312592827,15.021582330429812
