slope,intercept,scatter_rms,N
0.28303030826026043,-0.5412360143764559,0.1526442069045448,156
