split,N,median,mean
all,156,3.781939005977741,10.602193342845412
dwarf,67,2.24746274640905,5.546581519161279
spiral,89,5.774605208948224,14.408103367416615
