{
  "B": 5,
  "thresholds": [
    0.048861804077919166,
    0.1033857442434657,
    0.23040693726755568,
    0.38735848356567926
  ]
}