{
  "R_d_kpc": 4.3881039314692325,
  "dx_kpc": 0.08435758051305928
}