r_kpc,v_obs,v_err,v_baryon,K_ring,v_model
0.26,18.3,1.8,9.493376638478008,1.0093460026295957,9.537636028397719
0.77,35.3,3.0,18.765569535721532,1.0095805739364618,18.855247718812226
1.29,47.8,4.63,21.954819516452417,1.0117897051585265,22.08386071594486
1.81,52.8,1.26,23.4251253998778,1.0155067028221259,23.60604994134244
2.32,58.0,3.11,23.545838273461406,1.0199451468083438,23.779491563824493
