r_kpc,v_obs,v_err,v_baryon,K_ring,v_model
1.74,87.5,9.4,126.78499674646051,1.0031218976248575,126.98274741749836
3.5,106.0,7.1,137.9797380052593,1.001621618658419,138.09156794606088
5.24,116.0,5.3,127.15870477478134,1.0041121856515578,127.4198866437922
6.98,125.0,5.7,115.2906943339314,1.0089078995492182,115.80305481181148
8.72,126.0,4.4,105.31830800008136,1.0155964530389185,106.13642642796685
10.47,123.0,4.4,97.0566401643906,1.0248410754839485,98.2547409412164
