r_kpc,v_obs,v_err,v_baryon,K_ring,v_model
2.61,179.0,14.7,230.38943226632597,1.015064987719253,232.11835205241564
5.24,195.0,6.8,197.1534166581954,1.0293868165737226,200.02929704518726
7.85,181.0,9.8,164.98613396282732,1.0504183929603488,169.0941585447193
