r_kpc,v_obs,v_err,v_baryon,K_ring,v_model
1.1,26.9,8.27,29.22644863817703,1.0115130879157097,29.394210492122543
2.2,38.0,8.27,37.30098122033789,1.0062112214319525,37.41664422322597
3.3,40.5,8.27,43.05049128639533,1.0029613221032534,43.11418735081516
4.39,41.4,8.27,47.89187926987205,1.0012300324197714,47.92132450008064
5.5,42.3,8.27,50.34685491666784,1.0006704913896114,50.363730654740394
6.59,42.3,8.27,54.16728994513201,1.0008324699305808,54.189831574850906
7.69,42.3,8.27,56.30239515331475,1.001455157166815,56.34334467863946
