r_kpc,v_obs,v_err,v_baryon,K_ring,v_model
0.6,14.6,6.69,10.70028037015853,1.0071462417660277,10.738445702113648
1.19,31.5,6.69,14.55742078803797,1.0046930029370482,14.591539813978333
1.79,44.8,6.69,17.665588017385666,1.0027514427542998,17.689874250391455
2.38,50.6,6.69,21.114755504149226,1.0018255878995748,21.13402013691367
2.99,55.6,6.69,22.602783014487397,1.0015810695912069,22.620644243764573
3.59,61.4,6.69,24.49139032394854,1.001880235659706,24.514404303823852
4.18,66.0,6.69,26.844360674078274,1.0026441162021498,26.879827049747888
4.78,69.3,6.69,29.088863848558955,1.0038160489322707,29.144313263424618
