r_kpc,v_obs,v_err,v_baryon,K_ring,v_model
0.59,45.3,4.31,45.956013752282736,1.0064259119291799,46.10343195591379
1.18,59.8,4.31,50.24325825421755,1.0072135492464789,50.424148733663046
1.77,60.7,4.31,47.885238852907484,1.0097519815255447,48.11816035142393
2.36,58.8,4.31,46.2052486196103,1.0139112224798859,46.525524356560126
2.95,57.9,4.31,43.524711371817276,1.019181766705674,43.94016896233004
3.54,56.9,4.31,40.91222433454334,1.0251190627394187,41.42287581657957
