r_kpc,v_obs,v_err,v_baryon,K_ring,v_model
0.62,29.9,1.42,21.87501085714016,,
0.87,34.4,2.31,28.50307001008839,1.0087987024845575,28.628190405018913
1.12,46.3,2.05,32.17615576789745,1.0075937383377847,32.29809336895601
1.37,49.8,1.87,34.693428772607646,1.0063887741910118,34.804076569198386
1.62,57.6,2.76,36.196796819608224,1.0053509735869097,36.29351166443467
2.3,71.3,7.5,40.93574477153188,1.0031210883949098,40.99957704276547
4.97,76.65,1.09,47.96469534980911,1.0012977206878007,47.99580764803321
7.45,81.0,0.63,49.6538749746684,1.0044701626338783,49.76473167420894
9.98,83.85,1.04,46.44568871273199,1.0100039271932426,46.677430217923494
