r_kpc,v_obs,v_err,v_baryon,K_ring,v_model
0.87,24.8,6.5,20.560179960301905,1.0080613754623549,20.64288528032896
1.74,46.2,5.6,33.1130578473206,1.004399815596644,33.18582357041036
2.61,60.5,5.8,38.202121668828816,1.0020148932814457,38.240588900881455
3.5,69.6,3.9,44.73170799332393,1.0011695244082748,44.7578577620209
4.37,77.5,3.7,47.27057858753159,1.0012759385179189,47.30072614998022
5.24,82.9,4.5,48.824199942241755,1.00198613747012,48.87266167773775
6.11,84.1,4.9,49.48188052206585,1.0031866955028033,49.56065965377539
6.98,85.6,4.9,49.47648431325735,1.0047590748661337,49.5940757192227
7.85,87.6,4.9,48.1531307393403,1.0066772330057112,48.313628102471604
