r_kpc,v_obs,v_err,v_baryon,K_ring,v_model
0.56,16.9,3.93,7.782030583337488,,
1.11,27.4,3.93,11.718638999474297,1.0065721413017086,11.757084211762246
1.67,33.5,3.93,14.213064412715505,1.004366295209462,14.24405983330657
2.23,36.4,3.93,18.459471823429833,1.0026803893555019,18.48419455377228
2.79,39.8,3.93,20.266469845535507,1.0016788776724626,20.283475172924263
3.34,41.2,3.93,20.602448883567217,1.0012298266076893,20.61511371078859
3.9,42.6,3.93,22.250224717966333,1.0011808854079516,22.263358324635753
4.46,44.5,3.93,23.069442992842287,1.00145301848137,23.086197072566335
