r_kpc,v_obs,v_err,v_baryon,K_ring,v_model
1.74,56.9,6.6,57.53,1.0024143593767967,57.599407179261036
2.61,87.4,4.8,63.17,1.0021681221535683,63.23844306007835
3.5,92.1,5.7,61.1,1.0033928095561295,61.20356256430698
4.37,93.5,5.2,59.64642654845301,1.0057069559473748,59.816384172629014
5.24,98.2,4.4,59.98274418530716,1.0089363806313987,60.25016239306394
6.11,99.7,4.4,59.50775747749196,1.0129862760618096,59.892903191929854
6.98,102.0,3.5,60.88311177986881,1.0180309478303111,61.42954969208332
7.85,107.0,4.4,63.027712159017796,1.024040102122554,63.78080922488425
8.72,108.0,4.4,62.13607084455856,1.0307395691019163,63.08386033615364
