r_kpc,v_obs,v_err,v_baryon,K_ring,v_model
0.36,9.31,3.23,9.938475738260871,1.005422799183181,9.965386483752653
0.72,15.9,3.23,16.02928881766125,1.004815383797534,16.06783605728255
1.08,21.4,3.23,18.317341510164624,1.0046617406275566,18.35998721470309
1.45,26.1,3.23,19.779307369066288,1.0051355274648255,19.830030917533048
1.8,29.7,3.23,20.500639014430746,1.006071867385076,20.562783404770467
2.17,31.1,3.23,21.234354240240037,1.007532537147669,21.314178483542413
2.53,32.1,3.23,22.581483565080486,1.00948608405624,22.688335686749788
