r_kpc,v_obs,v_err,v_baryon,K_ring,v_model
0.95,46.8,5.66,28.0072704846438,1.0042836229590422,28.06719267563391
1.9,63.0,5.66,51.25967225802366,1.0021789496982976,51.31548799334915
2.86,66.8,5.66,51.47776704558969,1.0023129632115324,51.53726575157547
3.81,69.6,5.66,51.01135559853316,1.0039888372134582,51.11299234305533
4.76,73.4,5.66,47.750963341067795,1.0067711776193857,47.91235572500211
5.72,74.7,5.66,45.78508163146594,1.0105081027858107,46.02501015216392
6.67,76.1,5.66,46.03186722261003,1.014997571988043,46.37576573174642
