r_kpc,v_obs,v_err,v_baryon,K_ring,v_model
0.52,7.31,2.12,11.776459569836767,1.0072906323439617,11.819310527548646
1.05,14.6,2.05,17.217026456389036,1.0050405738805386,17.26036376074133
1.57,21.0,2.05,20.769133347349857,1.003317979756835,20.80356059577713
2.09,28.1,2.06,26.94721506946497,1.002152793751876,26.976205373432894
2.63,35.3,2.5,30.75746576036459,1.0016422921072767,30.7827117709149
3.15,43.0,3.38,32.674199301589624,1.001651126123544,32.7011627881672
3.68,46.6,3.15,33.590095266313256,1.0020565931210181,33.624618105001325
4.2,48.0,3.0,34.53778510559124,1.0027672752685401,34.585539870047505
