r_kpc,v_obs,v_err,v_baryon,K_ring,v_model
0.87,23.4,5.55,27.61793801137225,1.0058795759009271,27.699009900323517
1.74,28.0,5.2,38.93331863584198,1.002945911706684,38.99062352266888
2.61,36.7,4.25,41.45900264116348,1.0015792295505843,41.49172636774553
3.5,47.6,4.25,42.74494122115505,1.0017645131045607,42.782636604453636
4.37,63.3,4.75,42.38086832522429,1.002845866022097,42.441130617659056
5.24,71.2,5.25,42.91369245357477,1.0045807818957226,43.011869283111075
6.11,68.1,6.0,41.83754533908508,1.0069514909804174,41.98271015754701
6.98,74.4,6.0,40.556018049113256,1.0096950407703127,40.75213996743763
