galaxy,N,chi2_over_N
CamB,8,0.22671932267461473
D631-7,13,2.6927307903790925
DDO064,13,1.4106236468959221
DDO154,6,1.8486655159846173
DDO161,24,1.5715051967183167
DDO168,9,2.5739120181503665
DDO170,8,3.769040442769767
ESO079-G014,13,2.5676330256644735
ESO116-G012,14,5.510298633689151
ESO444-G084,5,3.8910677182337396
ESO563-G021,27,3.3714205469182597
F563-1,17,8.810295538806944
